Шифра,Опис,Цена
2,ЧИПСИ РЕБРАСТ СОЛЕН 230 ГР,145.00
1,ЧИПСИ ЧИЛИ РЕБРАСТ 230ГР,150.00
4,ЧИПСИ СОЛЕН РЕБРАСТ 150ГР,80.00
5,ЧИПСИ СОЛЕН КЛАСИК 150ГР,105.00
6,ЧИПСИ ГРЧКА САЛАТА 140ГР,110.00
7,ЧИПСИ ЧИЛИ РЕБРАСТ 140ГР,110.00
8,ЧИПСИ СОЛЕН РЕБРАСТ 90ГР,55.00
10,ЧИПСИ РЕБРАСТ ЧИЛИ 80ГР,75.00
11,ЧИПСИ СТАПЧИЊА КЕЧАП 80ГР,75.00
17,ЧИПСИ ЈОГУРТ И БИЛКИ 125ГР,95.00
18,ЧИПСИ СОЛЕН КЛАСИК 40ГР,38.00
19,ЧИПСИ ЧИЛИ 40ГР,45.00
20,ЧИПСИ СТАПЧИЊА КЕЧАП 40ГР,60.00
21,ДОРИТОС ТАКОС 100ГР,95.00
22,ДОРИТОС НАЧО СИРЕЊЕ 100ГР,98.00
23,ДОРИТОС ЛУТА ПЧЕНКА 100ГР,95.00
24,ДОРИТОС СКАРА 100ГР,98.00
25,ДОРИТОС СЛАТКО ЧИЛИ 170Г,135.00
000029,КЛИПСИ МИКС 70 ГР,50.00
30,КЛИПСИ МИКС 160 ГР,90.00
31,КЛИПСИ МИКС БЛАГ 70ГР,48.00
32,КЛИПСИ МИКС БЛАГ 165ГР,88.00
34,КЛИПСИ ДИНИ КЕЧАП 30ГР,35.00
35,КЛИПСИ ФЛИПС КЕЧАП 40ГР,35.00
36,КЛИПСИ ХОТ ДОГ 40 ГР,35.00
37,КЛИПСИ ХОТ ДОГ 75ГР,48.00
40,ГУД КИКИРИКИ ПРЖЕНИ 100ГР,50.00
41,ГУД КИКИРИКИ ПЕЧЕНИ 100ГР,55.00
42,ГУД КИКИРИКИ ДИЕТ 100 ГР,50.00
43,ГУД КИКИРИКИ ПРЖЕНИ 200ГР,95.00
44,ГУД КИКИРИКИ ПЕЧЕНИ 200ГР,95.00
45,ГУД КИКИРИКИ ДИЕТ 200ГР,95.00
46,ГУД КИКИРИКИ ПРЖЕНИ 400 ГР,195.00
47,ГУД КИКИРИКИ ПРЖЕНИ 40 ГР,48.00
51,ПАРДОН СОЛЕНКИ 210ГР,95.00
52,ПАРДОН СОЛЕНКИ 40ГР,25.00
53,ПАРДОН КРЕКЕР СОЛЕН 75ГР,48.00
54,БУСТО ВАНИЛИЦИ 300ГР,90.00
000056,БУСТО КОЛАЧИ КОКОС 300 ГР,69.00
000059,БУСТО КРОАСАН КАКАО 70ГР,40.00
000063,ДР МИЛК НАМАЗ СИРЕТО 200ГР,68.00
000068,СОДА БИКАРБОНА 20ГР,7.00
000069,МАКС БИБЕР МЕЛЕН 10 ГР,8.00
000073,ВИТАМИНКА КЕЧАП БЛАГ 90ГР,19.00
000074,ВИТАМИНКА КЕЧАП ЛУТ 1КГ,145.00
000075,ВИТАМИНКА КЕЧАП БЛАГ 1КГ,159.00
000076,ВИТАМИНКА КЕЧАП БЛАГ 300ГР,65.00
000077,ВИТАМИНКА КЕЧАП ЛУТ 300ГР,60.00
000078,ВИТАМИНКА КЕЧАП 50ГР,20.00
000079,ВИТАНЕЗ 620ГР,180.00
000080,ВИТАНЕЗ 260ГР,80.00
000081,ВИТАНЕЗ КЕСА 47ГР,25.00
000082,ВИТАНЕЗ КЕСА 85ГР,23.00
000083,ВИТАМИНКА СЕНФ 45ГР,13.00
000085,ВИТАМИНКА СМОКИ 250ГР ГИГА,69.00
000086,ВИТАМИНКА СМОКИ 40ГР,35.00
000087,ВИТАМИНКА СМОКИ 85 ГР,70.00
000089,ВИТАМИНКА СМОКИ 150ГР,70.00
000092,ЧОКА МОКА 250ГР,95.00
000093,ЧОКО ЏАМБО 450ГР,140.00
000099,ТАЛИАНО СОС 270ГР,110.00
000100,РИСКО ОРИЗ 150ГР,50.00
000101,РИСКО ОРИЗ 75ГР,30.00
000104,ВИТАМИНКА ЛУНА 400ГР,115.00
000105,ВИТАМИНКА ЛУНА БЕЛ 400ГР,105.00
000107,ЛУНА КРЕМ 20ГР,10.00
000108,ЦЕВИТАНА ЛИМОН 200ГР,80.00
000109,ЦЕВИТАНА ПОРТОКАЛ 200ГР,82.00
000110,ВИТАМИНКА КАКАО 100ГР,55.00
000111,ФРУТИ ВИШНА 112 ГР,34.00
000112,ФРУТИ БАНАНА 112ГР,35.00
000114,ЧОКОЛАДЕН ПРЕЛИВ 950ГР,235.00
000115,СИРИУС ЛЕШНИК КРЕМ 25ГР,20.00
000116,СИРИУС КОКОС 25ГР,20.00
000117,ВИТАМИНКА ЧОКО КИДС 15ГР,10.00
000120,ВИТАМИНКА ПИРЕ 120ГР,43.00
000122,ДЕСПИНА ЧОКОЛАДО 157ГР,65.00
000123,ДЕСПИНА МАЛ ТИТОЛ 126ГР,45.00
000124,ДЕСПИНА СУВО ГРОЗЈЕ 126ГР,45.00
000129,ШАМПАЊ РОМЕР 0.75Л,230.00
000130,ШТОК 1 Л ИТАЛИЈАНСКИ,920.00
000131,ШТОК 100МЛ ИТАЛИЈАНСКИ 84,190.00
000132,АМАРЕТО РОЈАЛ 0.7Л,599.00
000133,"КОЊАК БАДЕЛ 0,5Л",600.00
000134,КОЊАК БАДЕЛ 1Л,780.00
000135,КОЊАК БАДЕЛ 100МЛ,190.00
000136,КОЊАК БАДЕЛ 700МЛ + 2 ЧАШИ,950.00
000138,ПЕЛИНКОВАЦ ГОРКИ 1Л БАДЕЛ,579.00
000139,ПЕЛИНКОВАЦ ГОРКИ ОРАНЖ 1Л,520.00
000140,РУМ БЕЛ КАЈО ГРАНДЕ 1Л,680.00
000142,ВИГОР ВОДКА 1Л,600.00
000143,ВИГОР ВОДКА 100МЛ,170.00
000144,"ЏИН САКС 0,7МЛ ЃУМБИР",780.00
000145,ЏИН САКС 0.7 ПИНК,780.00
000146,"ЏИН САКС 0,7МЛ",780.00
000147,БЕЈЛИС ЛИКЕР 700МЛ,1379.00
000148,ЈЕНИ РАКИЈА,1130.00
000151,КАПЕТАН МОРГАН ВАЈТ 700МЛ,875.00
000152,СМИРНОФ АЈС 275МЛ,170.00
000153,"СМИРНОФ НОРТ 0,700МЛ",950.00
000154,СМИРНОФ ВОДКА 50МЛ,120.00
000156,УЗО ТСАНТАЛИ 1Л,710.00
000157,ВИСКИ Џ & Б РАРЕ 1Л,1388.00
000160,ЈЕГЕРМАЈСТЕР ЛИКЕР 20МЛ,120.00
000161,ЈЕГЕРМАЈСТЕР 700 БИТЕР,1230.00
000162,МАЛИБУ 700,1120.00
000163,"МАРИ БРИЗАРД ГРЕНАДИН 0,7Л",570.00
000164,ВОДКА АБСОЛУТ 1Л 40 %,1300.00
000165,ВОДКА ФИНЛАНДИА 1Л,1800.00
000166,ЏИН 1Л БИФИТЕР,1650.00
000167,РЕД БУЛ 250МЛ,150.00
000169,ОЗОНЕРИ 260МЛ,155.00
000172,АКОРД СУНЃЕР,35.00
000173,ВИЛЕДА КРПА 3/1,170.00
000174,ХАНЗАПЛАСТ / ФЛАСТЕР 30/1,25.00
000175,ЧАШИ ПЛАСТИЧНИ ГОЛЕМИ,20.00
000176,ЧАШИ ПЛАСТИЧНИ МАЛИ,10.00
000177,ЧАЧКАЛИЦИ ГОЛЕМИ,15.00
000178,ЛАРА МЕЈК УП ШМИНКА,100.00
000179,НОЖЕВИ ПЛАСТИЧНИ,15.00
000180,ВИЛУШКИ ПЛАСТИЧНИ,75.00
000181,ПЛАСТИЧНИ ЧИНИИ МАЛИ,90.00
000182,МОЛИВ КОНТЕ ЗЕЛЕН,20.00
000183,ПЕНКАЛА РАЗНИ БОИ,25.00
000185,СИЈАЛИЦА ВОЛТА 100W,18.00
000186,СИЈАЛИЦА ВОЛТА 60W,17.00
000187,УПАЛЈАЧИ ЕЛЕКТРОНСКИ,20.00
000188,КЕСИ ЦРНИ 170Л/150Л 10/1,150.00
000189,КЕСИ ЦРНИ 60Л,65.00
000190,ЕГОИСТ ГЕЛ 150МЛ ГОЛДЕН,155.00
000191,ЗАПАЛКА БИК СЛИМ МАТ,65.00
000192,ЗАПАЛКА БИК МИНИ КОЛОР,45.00
000193,ФИНО КЕСИ ЗА ОТПАД 35Л,60.00
000194,ФИНО КЕСИ ЗА МРАЗ,55.00
000195,ДОМЕСТОС 750МЛ,155.00
000197,АЈАКС РЕД ФЛОВЕРС,135.00
000198,ФЕА 450МЛ ЛИМОН СЈАЈ,135.00
000199,АЈАКС СТАКЛО КРИСТАЛ 750МЛ,190.00
000200,ФЕАРИ 450МЛ ЛИМОН,135.00
000201,ВИЛЕДА СУНГЕР,47.00
000202,ПЕРЕКС ЖИЦА ЗА САДОВИ,65.00
000203,ДАУТИ СУНЃЕР КОЛА,45.00
000204,ЧЕПКАЛКИ ЗА УШИ,75.00
000205,АВАКС СТАКЛО ПУМПА,115.00
000206,сл чокобисквит 35гр,30.00
000207,АГРОКРЕМ ТЕЧЕН 450ГР СЛ,225.00
000208,ЕУРОКРЕМ ТАКОВО 500ГР,157.00
000209,МЕДЕЊАК 150ГР ПОРТОКАЛ,55.00
000210,МЕДЕЊАК КАЈСИЈА 150ГР,40.00
000211,БАЛТИК ВОДКА 100МЛ 4%,85.00
000212,СЛ ЧОКО НАПОЛИТАНКА 160ГР,50.00
000214,ИШЛЕРИ 125ГР,75.00
000215,ЕУРОКРЕМ ПЛУС ВАФЕЛ 20ГР,15.00
000216,ЛИНЕА НУГАТ ВАФЕРС 52ГР,35.00
000217,ВАФЕЛ 85 % МЛЕКО КАКАО ФИЛ,45.00
000218,ТАКОВО ЧАЈНА ПАШТЕТА 75ГР,30.00
000220,ТАКОВО ЕУРО БЛОК 20ГР,15.00
000221,АГРОКРЕМ БЛОК 90ГР,50.00
000222,ТАКОВО ЕУРО БЛОК 90ГР,30.00
000223,ЧОКО УНО25ГР,15.00
000224,АГРОКРЕМ БЛОК 20ГР,20.00
000225,ТАКОВО ЕУРОКРЕМ ТЕЧЕН 500,230.00
000226,РЕСАНА ОРАНЖ / МАЛИНА ЧОК,55.00
000228,СЛ ЕУРОВАФЕЛ 4 ЧОКО 45ГР,30.00
000229,РЕСАНА 125 ОРАНЖ АГРОПЛОД,50.00
000231,СЛ МАРМАЛАД 850 ГР МЕШАН,100.00
000234,СЛ МЕДЕЊАК КАЈСИЈА 300ГР,84.00
000235,СЛ МЕДЕЊАК ПОРТОКАЛ 300ГР,84.00
000236,СЛ ЕУРОМАКС РЕСКО 250ГР,87.00
000238,КАКАО 100 ГР АГРОПЛОД,52.00
000242,ТАКОВО БЕСТ 40%,90.00
000243,ТАКОВО БЕСТ 50% ЈАБОЛКО 1Л,90.00
000244,ТАКОВО БЕСТ 50% ПОРТОКАЛ,90.00
000245,ТАКОВО БЕСТ 50% ПРАСКА 1Л,90.00
000251,СЛ ХЕЛЛО СТАПЧИЊА 40ГР,10.00
000252,АГРОПЛОД КАФЕ 100ГР,85.00
000253,АГРОПЛОД КАФЕ 180 ГР,120.00
000254,СЛ РЕФУС СОЛЕН МИКС 200ГР,29.00
000255,СЛ КВИКЕРСИ 200 ГР,34.00
000256,СЛ ЧОКОБАНАНА,75.00
000260,СЛ ХЕЛЛО СОЛЕНКИ 250ГР,45.00
000261,СЛ ЧИПС РЕБРАСТ 150ГР,85.00
000263,БЛЕК АП КРЕМ ЗА ЛИЦЕ 50МЛ,330.00
000266,ЈАКОБС АЈС КАФЕ 18ГР,20.00
000267,ЈАКОБС МИЛКА 3 ВО 1,20.00
000268,ЈАКОБС 2 ВО 1,20.00
000270,МИЛКА ДЕСЕРТ МАЛИНА 147ГР,130.00
000271,МИЛКА ДЕСЕРТ ОРАНЖ 147ГР,130.00
000272,ТОБЛЕРОНЕ 100ГР,165.00
000273,ТОБЛЕРОНЕ ДАРК 100ГР,165.00
000274,ТУК САЛТ 100ГР,50.00
000275,ТУК СЛАНИНА 100ГР,75.00
000276,ТУК КРОМИД 100ГР,75.00
000277,МИЛКА 150ГР ЧОКО СЕНДВИЧ,120.00
000278,МИЛКА ОРЕО 37ГР,45.00
000285,ТУК МИНИ ЧЕДАР,52.00
000287,ОРЕО КОЛАЧИ 66ГР,45.00
000288,ОРЕО КОЛАЧИ 110ГР,85.00
000289,ОРЕО КОЛАЧИ 157 ДАБЛ КРЕМ,115.00
000290,МИЛКА ОРЕО МАЛИНА 157ГР,115.00
000291,БЕВИТА СОФТ ЧОКО,33.00
000292,БЕВИТА СОФТ ЈАГОДА,33.00
000293,ЧИПС 30гр,33.00
000294,ЕХО САВЕКС 300ГР,95.00
000295,БИКЧЕ ЖОЛТ,18.00
000296,ЖИЛЕТ БЛУ 3,90.00
000297,ЖИЛЕТ 2 ЛЕНТА,85.00
000298,КРАШ ДОРИНА 100ГР ЛЕД,60.00
000299,КРАШ ДОРИНА ПУНЧ,60.00
000301,ТИКВЕШ АЛЕКСАНДРИЈА розе,195.00
000303,"ТИКВЕШ ТЕМЈАНИКА 0,75",395.00
000304,ТИКВЕШ РОЗЕ 750 МЛ,350.00
000305,ТИКВЕШ ТГА ЗА ЈУГ 750,400.00
000306,ТИКВЕШ ТГА ЗА ЈУГ 200,125.00
000307,АЛЕКСАНДРИЈА 750 БЕЛА,580.00
000308,АЛЕКСАНДРИЈА 750 ЦРНА,550.00
000309,"АЛЕКСАНДРИЈА БЕЛА 0,187",190.00
000310,"АЛЕКСАНДРИЈА 0,187 ЦРНА",160.00
000311,ДАВ ДЕО КОКОС 150МЛ,190.00
000312,ДАВ ДЕО ФРЕШ ТАЧ 150МЛ,190.00
000314,РЕКСОНА ДЕО ФРЕШ ПОВЕР,195.00
000315,НИВЕА ДЕО МЕН 150 МЛ,195.00
000316,НИВЕА ПЕАРЛ БЈУТИ 150 МЛ,195.00
000318,НИВЕА РОЛОН МЕН ИНВИЗИБЛ,195.00
000321,НИВЕА СТИК ЗА ЖЕНИ,180.00
000322,РЕКСОНА ДЕО ВАЈТ,195.00
000323,РЕКСОНА ДЕО СЕКСИ РОЗЕ,195.00
000324,БОНИ ЈАП НОЌНИ,115.00
000325,БОНИ ЈАП СУПЕР,87.00
000326,ЕД ЕКСТРА ЛОНГ ДАБЛ ДРАЈ ХЛ,144.00
000328,ЕД ФРЕШ НОРМАЛ ВЛОШКИ,135.00
000330,ЕВРИ ДЕЈ 18/1,220.00
000331,ТАМПОНИ О.Б НОРМАЛ 16,160.00
000335,ВИОЛЕТА ВЛОШКИ АИР НАЈТ,101.00
000336,ВИОЛЕТА ВЛОШКИ АИР ФИТ,99.00
000341,МАКС ФАНКИ ПИЦА 35ГР,20.00
000342,МАКС ФАНКИ ПИЛЕШКО 35ГР,30.00
000343,ТОРТИЧКИ ЧОКОЛАДО 265ГР,95.00
000344,ТОРТИЧКИ 450ГР,145.00
000346,ШТРУДЛА ВИНЧИНИ ВИШНА,116.00
000348,ПАНОРАМА ЛЕШНИК150ГР,194.00
000349,ПАНОРАМА ФСТАК 150ГР,226.00
000351,ПАНОРАМА ЛЕШНИК СУШЕН,64.00
000352,ЕВРОПА ХАЗЕЛНУТ 300ГР,140.00
000353,ЕВРОПА ЈАДРАН 300ГР,135.00
000354,АРФ ОРИГИНАЛ ЦРВЕН 450,95.00
000355,ПАНОРАМА 350 СТРУМИЧКА,122.00
000356,ПАНОРАМА 300 ЛЕБЛЕБ ГРОЗЈЕ,119.00
000357,ПАНОРАМА БАДЕМ СУШЕН 50ГР,60.00
000358,ПАНОРАМА ФСТАК ПЕЧЕН 50ГР,69.00
000361,ПАНОРАМА КИКИР ВАКУМ 400,117.00
000362,ПАНОРАМА ВАКУМ КИКИР.200,65.00
000363,ПАНОРАМА БАДЕМ 150ГР,134.00
000364,КАНДИ 30ГР КОКОС,25.00
000365,РОЛАТ ЈАГОДА МИНИ 30 ГР,11.00
000366,РОЛАТ ЛЕШНИК МИНИ 30ГР,11.00
000367,МАКС ФАНКИ ПЧЕНКА 50ГР,20.00
000369,РОЛАТ ЏАМБО БРУСНИЦА,70.00
000371,КАНДИ ЕКСТРА 30ГР,25.00
000372,МАКС ФАНКИ ГОВЕДСКО 40ГР,20.00
000373,ПОДРАВКА СУПА АЛПСКА 64ГР,60.00
000374,КОКОШЈА СУПА,48.00
000377,ПОДРАВКА КОКОШКИНА 135,69.00
000378,ПОДРАВКА ПИЛЕШКА 95,30.00
000379,ЕВА САРДИНА СО ДОМАТИ,59.00
000380,ЕВА САРДИНА ВО МАСЛО,59.00
000381,ЕВА САРДИНА ПИКАНТ 115ГР,59.00
000382,ЕВА САРДИНА ЛИМОН,59.00
000385,ПОДРАВКА ПЧЕНКА 150,39.00
000386,ПОДРАВКА ПЧЕНКА 340ГР,54.00
000387,ПОДРАВКА ГРАШОК 400ГР,54.00
000389,ПОДРАВКА ЛИНО ЛАДА МЕШАН,240.00
000392,ПОДРАВКА ЗАПЕЧЕН ГРАВ 400Г,85.00
000394,ПОДРАВКА КОРНИШОНИ,82.00
000395,ПОДРАВКА ФЕФЕРОНИ ЛУТИ,75.00
000396,АЈВАР ЛУТ ПОДРАВКА 550,263.00
000397,ПОДРАВКА АЈВАР БЛАГ 550,400.00
000398,ЕВА САРДИНА ЗЕЛЕНЧУК,59.00
000399,ХЕРБА БОНБОНИ,25.00
000400,ХЕРБА ЗЕЛЕН ЧАЈ БОНБОНИ,25.00
000401,ХЕРБА ОРАНЖ БОНБОНИ,25.00
000404,ПОДРАВКА КАША КРУША 130,90.00
000405,ПОДРАВКА ПРАСКА 130,90.00
000406,ПОДРАВКА ЧАЈ БРУСНИЦА,84.00
000407,ПОДРАВКА ЧАЈ НАНЕ,64.00
000408,ПОДРАВКА ЧАЈ КАМИЛИЦА,59.00
000409,ПОДРАВКА ВЕГЕТА,56.00
000410,ПОДРАВКА ГРАВ ЦРВЕН 400,96.00
000411,ПОДРАВКА ВЕГЕТА 250,135.00
000413,ПОДРАВКА ГУЛАШ 300,153.00
000414,ЈУМИС ЗАЧИН 100,23.00
000415,ПОДРАВКА ЧАЈ ЗЕЛЕН,91.00
000416,ЕВА ТУНА ВО СОПСТ СОС,105.00
000417,ЕВА ТУНА ПАРЧЕ 160,120.00
000418,ЕВА ТУНА 80,80.00
000420,ПОДРАВКА ЧОКОЛИНО 200,170.00
000421,ГРАНДЕ ЈУФКИ ШИРОКИ,105.00
000423,ПОДРАВКА ТАЛЈАТ.КАРБОНАРА,121.00
000425,ПОДРАВКА ТАЛЈ.СО 4 СИРЕЊА,121.00
000426,ПОДРАВКА ТАЛЈ.ПЕЧУРКИ,160.00
000429,ЦИГ.КАМЕЛ ЈЕЛОУ,170.00
000430,ЦИГ.КАМЕЛ БЛУ,170.00
000431,ЦИГ. КАМЕЛ КОНЕКТ БЛУ(20),125.00
000432,ЦИГ.КАМЕЛ КОНЕКТ СИЛВЕР(20),125.00
000433,ЦИГ.КАМЕЛ КОНЕКТ 100С БЛУ,125.00
000434,ЦИГ. КАМЕЛ КОНЕКТ 100С СИЛВ,125.00
000435,ЦИГ.ВИНСТОН КЛАСИК,160.00
000436,ЦИГ.ВИНСТОН БЛУ,160.00
000437,ЦИГ.ВИНСТОН СИЛВЕР,160.00
000438,ЦИГ.ВИНСТОН 100С РЕД,160.00
000439,ЦИГ.ВИНСТОН БЛУ,160.00
000442,ЦИГ.ВИНСТОН ХСТАЈЛ БЛУ,140.00
000443,ЦИГ.ВИНСТОН ХСТАЈЛ СИЛВЕР,140.00
000444,ЦИГ.ВИНСТОН ХСТАЈЛ ВАЈТ,140.00
000445,ЦИГ. ЛД РЕД,110.00
000446,ЦИГ. ЛД БЛУ,110.00
000447,ЦИГ. ЛД 100С РЕД (20),130.00
000448,ЦИГ. ЛД 100С БЛУ (20),130.00
000449,ЦИГ. ЛД СУПЕР СЛИМ ПИНК,140.00
000450,ЦИГ. ЛД СУПЕР СЛИМ ВИОЛЕТ,140.00
000451,ЦИГ. ЛД КЛУБ БЛУ,125.00
000452,ЦИГ. ЛД КЛУБ СИЛВЕР,125.00
000453,ЦИГ. МОНТЕ КАРЛО (20),125.00
000454,МАРЛБОРО РЕДБОКС ФВД20,190.00
000455,МАРЛБОРО РЕД СОФТ,180.00
000456,"МАРЛБОРО ГОЛД 3,5",190.00
000457,МАРЛБОРО ГОЛД СОФТ,180.00
000458,МАРЛБОРО ФЛАВОР ТАЧ,160.00
000459,МАРЛБОРО ТАЧ 6МГ,160.00
000460,МАРЛБОРО ТАЧ 4МГ,160.00
000461,МАРЛБОРО ФАЈН ТАЧ 100 ССЛ,160.00
000462,МАРЛБОРО ТАЧ ХЛ,160.00
000464,ЧЕСТЕРФИЛД ОРИГИНАЛ КС,140.00
000465,ЧЕСТЕРФИЛД БЛУ КС,140.00
000466,ЧЕСТЕРФИЛД СИЛВЕР КС,130.00
000467,ЧЕСТЕРФИЛД ОРИГИНАЛ 100,140.00
000468,ЧЕСТЕРФИЛД БЛУ 100,140.00
000469,ЧЕСТЕРФИЛД ТД. БЛУ КС,135.00
000470,ЧЕСТЕРФИЛД ТД. АКВА,135.00
000473,ФИТ РЕГУЛАР,130.00
000474,ФИТ РЕГУЛАР СКАЈ,130.00
000475,ФИТ МАРИНЕ,130.00
000476,ХЕЕТС АМБЕР СЕЛЕКШН,150.00
000477,ХЕЕТС ТИРКИС СЕЛЕКШН,150.00
000478,ХЕЕТС ЈЕЛОУ СЕЛЕКШН,150.00
000479,ХЕЕТС БРОНС СЕЛЕКШН,150.00
000480,ХЕЕТС СИЕНА СЕЛЕКШН,150.00
000481,ХЕЕТС СИЛВЕР СЕЛЕКШН,150.00
000482,ХЕЕТС ЛАГУНА СВИФТ,150.00
000483,ХЕЕТС РАСЕТ СЕЛЕКШН,150.00
000484,ХЕЕТС ДИМ. НОР,160.00
000485,ХЕЕТС ДИМ. ЈУГЕН,160.00
000486,РОТМАНС БЛУ,110.00
000487,РОТМАНС СИЛВЕР,110.00
000488,РОТМАНС СУП. СЛИМ,120.00
000489,РОТМАНС ДЕМИ БЛУ,105.00
000490,ЛАКИ СТРАЈК РЕД,130.00
000491,ЛАКИ СТРАЈК ВАЈЛД,130.00
000492,ЛАКИ СТРАЈК АМБЕР,120.00
000493,ЛАКИ СТРАЈК АКВА,130.00
000494,ЛАКИ АМБЕР ФЛОУ,130.00
000495,ДАВИДОФФ ЕВ. БЛУ,190.00
000496,ДАВИДОФФ ЕВ. РЕД,190.00
000497,БОСС КЛАСИК,115.00
000498,ЖАДЕ БЛУ,110.00
000499,ЖАДЕ РОУЗ,110.00
000500,РОДЕО ВАЈТ,110.00
000501,РОДЕО ГОЛД,110.00
000502,РОДЕО БЛУ,110.00
000503,РОДЕО СОФТ,105.00
000504,БАУЕР ФРУ,50.00
000505,ПАВЛАКА 180 МЕАСТРО,27.00
000506,ДИВЕЛА ШПАГЕТИ 500Г,95.00
000508,ДИВЕЛА МАКАРОНИ,95.00
000510,КОЛГЕЈТ 50Г,62.00
000511,ЛЕ БЕЛА БРИШАЧ,110.00
000512,СОЛ ТУЗЛА 1КГ,75.00
000513,ШЕЌЕР 1КГ,95.00
000514,КОРО КИС АЛКОХОЛЕН,36.00
000515,БИСЕР 1Л,140.00
000516,НЕСКВИК ПЛУС 400,161.00
000517,ВИТАЛИА МУСЛИ ФИТ,280.00
000518,ВИТАЛИА МУСЛИ ТРОПИКАЛ,280.00
000520,ТЕО САПУН 400,80.00
000521,ПАЛМОЛИВ САПУН БАДЕМ,28.00
000523,ПАЛМОЛИВ САПУН ОРХИДЕЈА,28.00
000524,ДОВЕ САПУН ЕКСФОЛИАТИНГ,45.00
000525,ДОВЕ БЈУТИ КРЕМ,45.00
000526,НИВЕА УНИВЕРЗАЛЕН КРЕМ,160.00
000527,СОЛЕА КРЕМ 60 МЛ,115.00
000528,БЕКУТАН ВЛАЖНИ МАРАМИЦИ,135.00
000529,ПУТЕР ВАИДЕГЛУК 250 ГР,179.00
000530,ПУТЕР ОЛДЕНБУРГЕР 250ГР,207.00
000531,ДИАМАНТ ДОБРО УТРО 250ГР,95.00
000532,ДИАМАНТ ДОБРО УТРО 500ГР,112.00
000533,МЕЈН ШУНКА СТИСНАТА 400ГР,141.00
000534,ПОСЕБНА МИНИ ПКБ 350ГР,55.00
000535,ЗДЕНКА ПРЕЗИДЕНТ 140ГР,105.00
000536,ЗДЕНКА ВЕЛИКИЗДЕНЦИ 140 ГР,105.00
000537,ЗДЕНКА ХЕПИ КАУ 120 ГР,115.00
000538,АБЦ КРЕМ СИР 100ГР,115.00
000539,АБЦ СИР 50 ГР,45.00
000540,ВИТАЛИА ГО НУТРИ КАПИНА,35.00
000541,ВИТАЛИА ГО НУТРИ КАЈСИЈА,15.00
000542,ВИТАЛИА ГО НУТРИ ЈАБОЛКО,15.00
000544,МЛЕКО БИТОЛСКО 2.8%,85.00
000545,АЛПСКО МЛЕКО 1Л 3.5%,95.00
000546,"МЛЕКО БИТОЛСКО 3,2%",85.00
000547,"ПЕПСИ 0,5Л",45.00
000548,"ГАЗОЗА 1,5Л ПРИЛЕПСКА",75.00
000549,"ЕВИНА 1,5Л НЕГАЗИРАНА",35.00
000550,"ЕВИНА 0,5Л НЕГАЗИРАНА",30.00
000551,ЛАДНА 6Л,90.00
000552,ГОРСКА 6Л НЕГАЗИРАНА,83.00
000553,ИЗВОРСКА 6Л,95.00
000554,ЈАНА 5Л,160.00
000555,"ГОРСКА 0,5Л ГАЗИРАНА",20.00
000556,"ГОРСКА 0,5Л НЕГАЗИРАНА",25.00
000557,"ИЗВОРСКА 0,5Л НЕГАЗИРАНА",35.00
000558,ЛАДНА 500МЛ НЕГАЗИРАНА,25.00
000559,"ПЕЛИСТЕРКА 0,5Л ГАЗИРАНА",30.00
000560,"ПЕЛИСТЕРКА 0,5Л НЕГАЗИРАНА",20.00
000561,"ПЕЛИСТЕРКА 1,5Л НЕГАЗИРАНА",35.00
000562,"ПЕЛИСТЕРКА 1,5Л ГАЗИРАНА",45.00
000563,"ИЗВОРСКА НЕГАЗИРАНА 1,5Л",45.00
000564,ЗЛАТИБОРАЦ ЧАЈНА 100ГР,165.00
000565,ЗЛАТИБОРАЦ КУЛЕН 100ГР,150.00
000572,БРАВО ЛИМ АНАНАС 330МЛ,60.00
000573,БРАВО ЛИМ МАНГО 330МЛ,60.00
000575,БРАВО ЛИМ ЈАГОДА 250МЛ,60.00
000578,БРАВО ЛИМ ПОРТОКАЛ 250МЛ,60.00
000579,БРАВО ЛИМ ПРАСКА 250МЛ,60.00
000580,БРАВО ЛИМ ВИШНА 250МЛ,60.00
000581,БРАВО ЛИМ ЈАБОЛКО 250МЛ,60.00
000582,"БРАВО 0,5Л САНИ ОРАНЖ",50.00
000583,"БРАВО 0,5Л МУЛТИ ВИТАМИН",50.00
000584,"БРАВО 0,5Л ПРАСКА",50.00
000585,"БРАВО 0,5Л АНАНАС",50.00
000586,НЕСКАФЕ 250МЛ БЛЕК РОАС,100.00
000587,НЕСКАФЕ 250МЛ КАПУЧИНО,100.00
000588,НЕСКАФЕ 250МЛ ЛАТТЕ,100.00
000589,НЕСКАФЕ 250МЛ ВАНИЛА,100.00
000590,НЕСКАФЕ 200+25ГР ГРАТИС,375.00
000591,НЕСКАФЕ 50ГР ЛИМЕНКА,129.00
000592,НЕСКАФЕ 75ГР ГОЛД,199.00
000593,НЕСКАФЕ 2ГР ГОЛД СТИК,25.00
000594,НЕСКАФЕ 2ГР КЛАСИК СТИК,25.00
000595,НЕСКАФЕ 3 ВО 1 ФРАПЕ 16ГР,25.00
000596,НЕСКАФЕ 3 ВО 1 ЕДНО КЛАСИК,25.00
000597,ЕРВЕЈЗ ЕКСТИМ,155.00
000598,ЕРВЕЈЗ КУЛ,159.00
000599,ОРБИТ БАБЛМИНТ БЛУБЕРИ,50.00
000600,ОРБИТ ГРИНМИНТ,50.00
000601,ОРБИТ ЛУБЕНИЦА ДРАЖЕИ,50.00
000603,ЛЕНОР 930 СПРИНГ АВЕЈК,120.00
000604,ЕРВЕЈС ЕКСТИМ ДРАЖЕИ,50.00
000605,ЕРВЕЈС КАСИС РИБИЗЛА,40.00
000606,ЕРВЕЈЗ МЕНТОЛ АИР ДРАЖЕИ,50.00
000607,ОРБИТ ПЕПЕРМИНТ ДРАЖЕИ,50.00
000608,ОРБИТ ПЕПЕРМИНТ ТУБА,99.00
000609,ОРБИТ СПЕАРМИНТ,50.00
000610,ОРБИТ ВАЈТ СПЕАРМИНТ,50.00
000611,ОРБИТ ВИНТЕРФРЕШ ДРАЖЕИ,50.00
000612,МАРС 47ГР,65.00
000613,СНИКЕРС 50ГР,65.00
000614,ЕРВЕЈЗ КАСИС,50.00
000615,АР МЕНТОПЛУС БОНБ ЈАГОДА,15.00
000616,АР МЕНТОЛПЛУС БОНБ.ШЕРИ,15.00
000617,МЕНТОЛ ПЛУС БОНБ ЕКСТРА,15.00
000618,АР МЕНТОПЛУС МЕНТА ЗЕЛЕН,15.00
000620,АР МЕНТОПЛУС БОНБ СТРОНГ,15.00
000621,АР МЕНТОПЛУС ЛИМОН,15.00
000622,ЛИЖАВЧЕ ЦРВЕНА КЕСА,15.00
000623,ЛИЖАВЧЕ ТУТИ ФРУТИ,15.00
000624,ЛИЖАВЧЕ СИНО,15.00
000625,ЛИЖАВЧЕ ТЕМЕН МИКС,15.00
000626,ВИВА СПАРК ЦРВЕН ГРЕЈПФРУТ,45.00
000627,ВИВА СПАРК ЛИМОН И ГРЕЈП.,45.00
000628,ВИВА СПАРК ПОРТОКАЛ,45.00
000629,"ВИВА ФРЕШ 0,5 АЦЕ",45.00
000630,"ВИВА ФРЕШ 0,5 ШУМСКО",45.00
000632,"ВИВА ФРЕШ 0,5 ПОРТОКАЛ",45.00
000633,"ВИВА ЛЕДЕН ЧАЈ 1,5 БРУСНИЦА",69.00
000634,"ВИВА ЛАДЕН ЧАЈ ЛИМОН 1,5",69.00
000635,"ВИВА ЛАДЕН ЧАЈ ПРАСКА 1,5",69.00
000636,"ВИВА ЛАДЕН ЧАЈ ПРАСКА 0,5",45.00
000637,"ВИВА ЛАДЕН ЧАЈ ЛИМОН 0,5",45.00
000638,"ВИВА ЛАДЕН ЧАЈ 0,5 БРУСНИЦА",45.00
000641,"ВИВА ФРЕШ 1,5 АЦЕ",85.00
000642,ВИВА 1 ЛИТАР АЦЕ ТЕТРА,85.00
000644,ВИВА ФРЕШ 1Л ПОРТОКАЛ 100%,99.00
000645,ВИВА 1Л ПРАСКА ТЕТРА,85.00
000646,ВИВА 1Л КАПИНА ЈАБОЛКО,106.00
000647,"БРАВО 1,5 ПРАСКА",99.00
000648,"БРАВО 1,5 МУЛТИ",99.00
000649,"БРАВО 1,5 ЗЕЛЕНО ЈАБОЛКО",99.00
000650,"БРАВО 0,5 АНАНАС",50.00
000651,"БРАВО 0,5 МУЛТИ",50.00
000652,"БРАВО 0,5 САНИ ОРАНЖ",50.00
000653,ЧИПС ЧАЧАК 150ГР КЕЧАП,80.00
000654,ЧИПС ЧАЧАК 150ГР ПИПЕРКА,80.00
000656,ЧИПС ЧАЧАК 150ГР ЧИЛИ,80.00
000657,ЧИПС ЧАЧАК 40ГР КЛАСИК,25.00
000658,ЧИПС ЧАЧАК 90ГР РЕБРАСТ,49.00
000659,ЧИПС ЧАЧАК 90ГР КЛАСИК,49.00
000662,БЕЈК РОЛС 80ГР ПИЦА,55.00
000663,КРОАСАН 65 ГР КАКО МИНИ,60.00
5,Х,75
000671,РИПЛЕЈ ЧИПС 75ГР,45.00
000672,РИПЛЕЈ ЧИПС КЕЧАП 75ГР,45.00
000673,РИПЛЕЈ ЧИПС СИРЕЊЕ 75,45.00
000674,ЧИПС ЧАЧАК 150ГР КЛАСИК,80.00
000675,ЧИПС ЧАЧАК 20 КЛАСИК,15.00
000676,ЧИПС ЧАЧАК РЕБРАСТ 250,120.00
000677,СТИЗА ЧИПС КЛАСИК 80ГР,45.00
000678,КРОАСАН 80ГР ЛЕШНИК КУКИС,55.00
000679,КРОАСАН 80ГР ВАНИЛА КУКИС,55.00
000680,КРОАСАН 40ГР МИДИ,40.00
000683,КРОАСАН 185ГР КАКАО,135.00
000685,КРОАСАН 80ГР МАКС КАКАО,55.00
000686,БЕЈК РОЛС 80ГР СОЛ,55.00
000688,РИПЛЕЈ ЧИПС 75ГР ОРИГАНО,45.00
000690,РИПЛЕЈ ЧИПС 125 ПИПЕРКА,70.00
000691,РИПЛЕЈ ЧИПС 125 ГР,70.00
000692,ПИЦА ИТАЛИАНА 30ГР,35.00
000693,ЈЕС ФЛИПС КИКИРИТКА 40ГР,30.00
000694,СТИЗА ЧИПС КЕЧАП 150 ГР,85.00
000695,МОЛИВ,20.00
000696,РОДЕО МОМЕНТ ВАНИЛА,95.00
000697,РОДЕО МОМЕНТ ЧОКОЛАДО,95.00
000698,РОДЕО МОМЕНТ КРЕМ КУКИ,70.00
000699,РОДЕО МОМЕНТ НУКРЕМА,85.00
000700,РОДЕО МОМЕНТ КОНЕ КАРА,60.00
000701,РОДЕО МАСТЕР СТИК КАРАМЕЛ,95.00
000702,РОДЕО ГРАНД КУКИС,90.00
000703,РОДЕО ГРАНД ЧОКО ВАНИЛА,100.00
000704,РОДЕО ГРАНД ЈАГОДА,90.00
000705,ТАЈМОУТ СЕНДВИЧ,75.00
000706,РОЈАЛ ВАНИЛА ЧАШКА,60.00
000707,ХАЈ ФАЈ,65.00
000708,ХАЈ ФАЈ ВАНИЛА КАКАО,65.00
000709,ХАЈ ФАЈ ЈАГОДА,65.00
000710,МАСТЕР КОЛАЧИ КУКИС,95.00
000711,МАСТЕР СОЛЕНА КАРАМЕЛА,95.00
000712,МАСТЕР РУБИ СТАПЧЕ,95.00
000713,МАСТЕР ЧОКО,95.00
000714,МАСТЕР 0% ШЕКЕР,100.00
000715,ФУДБАЛ КУП (ТОПЧЕ),75.00
000716,МЕТРОПОЛИ БЕРЛИН,80.00
000717,МЕТРОПОЛИ ЛОНДОН,80.00
000718,МЕТРОПОЛИ БРИСЕЛ,80.00
000719,МЕТРОПОЛИ РИО,75.00
000720,ТОРНА. ЧОКОВАНИЛА,110.00
000721,ИМПЕРИЈАЛ ЈАГОДА,60.00
000723,ИМПЕРИЈАЛ ВАНИЛА,70.00
000724,ИМПЕРИЈАЛ ШУМСКО ОВОШЈЕ,70.00
000726,МЕТРОПОЛИ КОНО БРИСЕЛ,110.00
000727,СНИКЕРС ЕКСТРА БАР,120.00
000728,СНИКЕРС ИЦ СТИК,135.00
000729,ТВИКС ИКС - БАР,90.00
000730,РОМАНСА ВАНИЛА,40.00
000731,СЕНДВИЧ СЛАДОЛЕД,70.00
000732,ТРОПИКО ПОРТОКАЛ,75.00
000733,ТРОПИКО ЈАГОДА,75.00
000734,МЕТРОПОЛИ ГОЛД МОНАКО,95.00
000735,МЕТРОПОЛИ ГОЛД ПАРИЗ,95.00
000737,ВАРИЈАГ ЧАШКА ЧОКОВАНИЛА,55.00
000738,РОЛЕР БЛЕКЏЕК,55.00
000739,РОЛЕР ЈАГОДА ВАНИЛА,55.00
000741,ЧОКОПЕЛИСТЕР,40.00
000742,НУТЕЛА 700ГР,375.00
000743,ШТАРК СМОКИ 90ГР,45.00
000745,ШТАРК СМОКИ ТОРТИЉА ЧИЛИ,55.00
000746,ШТАРК СМОКИ ТОРТИЉА 90ГР,60.00
000747,РОНДО БОНБОНИ 28ГР,35.00
000748,НАЈЛЕПШЕ ЖЕЉЕ 30 ГР КАКАО,45.00
000752,НАЈЛЕПШЕ ЖЕЉЕ 90ГР МЛЕЧНА,95.00
000753,РАФАЕЛО 40ГР,80.00
000754,РАФАЕЛО 230ГР,315.00
000755,НИВЕА СОФТ КРЕМ 50МЛ,155.00
000756,НАЈЛЕПШЕ ЖЕЉЕ 75ГР,85.00
000757,МИНАС Ц 100ГР,68.00
000758,МИНАС Ц 200ГР,120.00
000760,ГРАНД КАФЕ 2 ВО 1 16ГР,12.00
000761,КИНДЕР ЏОЈ ЈАЈЦЕ 20ГР,85.00
000762,ТИК ТАК МИНТ 18ГР,35.00
000763,ТИК ТАК 18ГР ОРАНЖ,35.00
000764,КАПУЧИНО ГОЛД КЛАСИК 100ГР,73.00
000765,КАПУЧИНО ГОЛД ЧОКОЛАДО,73.00
000766,КАПУЧИНО ГОЛД ИРСКИ КРЕМ,73.00
000767,ЦЕДЕВИТА ПУЦ ПУЦ Ш ОВОШЈЕ,25.00
000768,ЦЕДЕВИТА ПУЦ ПУЦ ЈАГОДА,19.00
000769,ЦЕДЕВИТА ПУЦ ПУЦ ТРОПИК,25.00
000770,НУТЕЛА КРЦКАВ ВАФЕЛ,170.00
000772,ТЕОНАТУРА 2 ВО 1 ШАМПОН,85.00
000773,ТЕОНАТУРА КОЛОР ПРОТЕКТ,80.00
000774,ТЕОНАТУРА ШАМПОН ЈАЈЦЕ,80.00
000775,НУТЕЛА КРЦКАВ ВАФЕЛ 100ГР,95.00
000776,"КОКТА 1,5Л КОЛИНСКА",85.00
000777,МИНАС КАФЕ 200ГР ЦРВЕНО,120.00
000778,МИНАС КАФЕ 100ГР ЦРВЕНО,65.00
000779,КИНДЕР БУЕНО БЕЛО 43ГР,65.00
000780,КИНДЕР БУЕНО 43ГР,65.00
000781,АРГЕТА 27ГР КОКОШКИНА,60.00
000782,АРГЕТА ЈУНИОР 45ГР ПАШТЕТА,40.00
000784,ЦЕДЕВИТА 340 ЛИМОН,90.00
000785,ЦЕДЕВИТА 340 ЛИМЕТА,90.00
000787,ШТАРК СМОКИ 225ГР,85.00
000788,ШТАРК СМОКИ 130ГР,60.00
000789,ШТАРК СМОКИ 40Г,30.00
000790,ШТАРК СМОКИ КЕЧАП 35ГР,15.00
000792,ЦЕДЕВИТА 455 ПОРТОКАЛ,206.00
000793,ЦЕДЕВИТА 455 ЛИМОН,206.00
000794,ЦЕДЕВИТА 200 ЛИМОН НОВ,130.00
000795,КИНДЕР ЧОКОЛАДО 100ГР,110.00
000796,ШТАРК ЛЕДЕНА БАНАНИЦА,20.00
000798,АРГЕТА 95Г ЈУНИОР КОКОКРЕМ,80.00
000799,АРГЕТА 95ГР ПАСТРМКА,80.00
000800,НАЈЛЕПШЕ ЖЕЉЕ 30ГР МЛЕЧНА,45.00
000801,АРГЕТА 95ГР ПОСНО,80.00
000802,НУТЕЛА 400ГР,285.00
000803,НУТЕРЛА 200ГР,165.00
000804,ШТАРК НАПОЛИТАНКА 180ГР,95.00
000805,ШТАРК ЧОКО КЕКСИЧИ 220ГР,80.00
000806,ЦЕДЕВИТА БОНБОНИ ОВОШЈЕ,40.00
000807,ЦЕДЕВИТА БОНБОНИ ЛИМОН,40.00
000808,ШТАРК НЕДА,95.00
000809,РОСА 0.75Л,60.00
000810,РОСА 1.5,55.00
000811,ФЈУЗ ПРАСКА РОЗА 0.5,65.00
000812,ФЈУЗ ПРАСКА РОЗА 1.5,120.00
000813,НЕКСТ ВИШНА 0.5,38.00
000814,НЕКСТ ВИШНА 1.5,98.00
000815,НЕКСТ ЛИМОНАДА БОЗЕЛ 0.5,40.00
000816,СТРОНГБОЈ ШУМСКО 0.33,85.00
000817,МОНСТЕР ЕНЕРЏИ МК ЛИМ,130.00
000818,СКОПСКО ПЕТ 1.5,145.00
000819,СКОПСКО СМУТ 1.35,145.00
000820,СМУТ ЛИМЕНКА 0.5,90.00
000821,СКОПСКО СМУТ ЛИМЕНКА 0.33,75.00
000822,ЛАШКО 1.35,115.00
000823,ХАЈНЕКЕН ЛИМ 0.5,98.00
000824,ХАЈНЕКЕН 0.33,80.00
000826,ХАЈНЕКЕН СЛИК ЛИМ 0.33,80.00
000827,БИРА МОРЕТИ ЛИМЕНКА 0.5,85.00
000828,КОКА КОЛА 0.45,65.00
000829,ФАНТА ОРАНЖ 0.45,65.00
000830,ШВЕПС БИТЕР 0.5,65.00
000831,ФАНТА ТРОПИКАЛ 0.45,65.00
000832,КОКА КОЛА 1.25,95.00
000833,ФАНТА ОРАНЖ 1.25,95.00
000834,ФАНТА ТРОПИКАЛ 1.25,95.00
000835,КОКА КОЛА ЗЕРО 1.25,95.00
000836,ШВЕПС БИТЕР ЛЕМОН 1Л,95.00
000837,ШВЕПС ТОНИК 1Л,95.00
000838,КОКА КОЛА ЛИМ 0.33,65.00
000839,КОКА КОЛА ЗЕРО ЛИМ 0.33,65.00
000840,ФАНТА ОРАНЖ 0.33,65.00
000841,СПРАЈТ ЛИМ 0.33,65.00
000842,ШВЕПС БИТЕР ЛИМЕН,65.00
000843,СКОПСКО 0.33 ЛИМ,75.00
000844,ПИВО ЛИМ 0.5,90.00
000845,АМСТЕЛ ПРЕМ ПИЛСЕНЕР 0.5,90.00
000846,РАДЛЕР 0.5,95.00
000847,КОКА КОЛА ЛИМ 0.25,55.00
000848,РОСА 0.5,45.00
000849,ХД ЧОКО АЛМОНДС,150.00
000850,чипс чачак 150гр,140.00
000851,штарк хот рингс микс 90гр,40.00
000852,штарк стапчиња,12.00
000853,нескафе софт 20г,46.00
000854,КЕСА СО РАЧКА 55Х28,20.00
000855,КЕСА СО РАЧКА 45*26,16.00
000856,АМБАЛАЖНИ КЕСИ,0.00
000857,"КОКА КОЛА ЗЕРО 0,45",65.00
000858,КОКА КОЛА ЛИМОН ЗЕРО ЛИМ.,60.00
000859,РИПЛЕЈ 125 ПИПЕРКА,70.00
000860,штрудла винчини 240 вишна,75.00
000861,твикс 2 х 25,65.00
000862,"браво праска 0,5",50.00
000863,МИЛКА 100ГР ОРЕО,110.00
000864,МИЛКА 270 НОИСЕТ,255.00
000865,МИЛКА 270 ЛЕШНИК,255.00
000866,МИЛКА 100 ЛЕШНИК ЦЕЛ,98.00
000867,МИЛКА НОИСЕТ 80,110.00
000868,МИЛКА ХАЗЕЛНУТ 80,65.00
000869,ЛОЗОВА РАКИЈА ЖОЛТА 1Л,990.00
000870,ЛОЗОВА 200,250.00
000871,ВОДКА ГРЕЈ ГУС 700,3700.00
000872,БАМБИ 150 ДИЕТ,85.00
000874,БАМБИ ЗА ДЕЦА СО ЧОК.,55.00
000875,ПЛАЗМА ПОСНА МЕЛЕНА 300,153.00
000876,ПЛАЗМА 150 ПОСНА,115.00
000879,ПЛАЗМА ПРЕЛИЕНА ЧОК,190.00
000880,МИНИ ПЛАЗМА 200ГР,95.00
000881,МИНИ ПЛАЗМА 30,15.00
000882,МИНИ ПЛАЗМА ЈАГОДА 170,110.00
000883,МИНИ ПЛАЗМА ЈАГОДА 50,35.00
000884,ПЛАЗМА ЧОКО 50,35.00
000885,ПЛАЗМА ЧОКО 170,105.00
000886,БАМБИ ЧОКО КУТИЈА,100.00
000887,ПЛАЗМА ЧОКО КУТИЈА,96.00
000888,БАМБИ СОЛЕНА,75.00
000889,БАМБИ СОЛЕНА МЕДИТЕРАН,75.00
000890,ПЛАЗМА СТИКСИ КИКИР,117.00
000891,ПЛАЗМА СТИКСИ ЛЕШНИК,117.00
000892,СТИКСИ ЧОКОЛАДО,117.00
000894,БАМБИ ВЕЛНЕС КОКОС 210,72.00
000895,БАМБИ ВЕЛНЕС ОБИЧЕН 210,72.00
000896,БАМБИ ВЕЛНЕС ЧОКО ПАРЧЕ,97.00
000897,БАМБИ ВЕЛНЕС ОРАНЖ 205,98.00
000898,ВЕЛНЕС СУВО ГРОЗЈЕ,75.00
000899,БАМБИ ВЕЛНЕС ЦРВЕНО ОВ.,89.00
000900,ТАКОВО 90 КРЕМ,30.00
000901,ВИЕНА ФИЛС ЧОКО 135,56.00
000902,ВИЕНА ФИЛС ЛЕШНИК 132,56.00
000905,НИВЕА САН СПРЕЈ Ф50,930.00
000907,НИВЕА КИДС СПРЕЈ,795.00
000909,НИВЕА САН ЛОСИОН 20Ф 200МЛ,710.00
000911,"МЛЕКО МОЈА КРАВИЦА 0,5",85.00
000912,ЧОКОЛАДНО МЛЕКО 250,55.00
000913,ДУРЕКС СЕНСИТИВ 3/1,160.00
000914,ДУРЕКС 3/1 КЛАСИК,160.00
000915,ДУРЕКС 3/А ПЛЕЖЕР МАКС,160.00
000918,МЕИН ВИРШЛИ ПИЛЕШКИ,55.00
000919,"ЛАДНА 1 / 1,5",50.00
000920,чипс чачак 40 кечап,25.00
000921,НЕСКАФЕ АМЕРИКАНО,100.00
000922,"ВОДА ЈАНА 0,5",30.00
000923,КРОАСАН 110 ГР СУПЕР МАКС,65.00
000924,квасец,20.00
000925,сијалица тесно грло,25.00
000926,75w сијалица,28.00
000927,КАШКАВАЛ ХЕПИ КАУ 150ГТ,90.00
000928,ХЕПИ КАУ 150ГР,90.00
000929,ХЕПИ КАУ ЧЕДАР,90.00
000930,"МОХИТО 0,33",140.00
000931,СЕКС ОН Д БИЧ,140.00
000932,БЛУ ЛАГУН,140.00
000933,"МАРГАРИТА 0,33",140.00
000934,"ПИНАКОЛАДА 0,33",140.00
000935,чачак ребраст,49.00
000936,ПОП КЕК КАКАО,25.00
000937,ПОП КЕК ЛИМОН,25.00
000938,ПОП КЕК БАНАНА,25.00
000939,ПОП КЕК КЕСА КАКАО,75.00
000940,ТУТКУ 54 ГР,25.00
000941,ТУТКУ 126ГР,75.00
000942,ПУФ КАКАО МАЛ,10.00
000943,ЦИН ПОРТОКАЛ,10.00
000944,ЦИН ЈАГОДА,10.00
000945,ПОП КЕК 200ГР,75.00
000946,ПОП КЕК ГРОЗЈЕ,75.00
000947,ПОП КЕК МОЗАИК,75.00
000948,ОЗМО ЧОКО ЈАЈЦЕ,50.00
000949,ТВИНГО,15.00
000950,ПАПИТА,15.00
000951,ДОВЕ СПОРТ,225.00
000952,ДОВЕ ДЕО КУЛ ФРЕШ,225.00
000953,ДОВЕ ДЕО ОРИГИНАЛ,225.00
000954,ЧЕТКА КОЛГЕЈТ,85.00
000955,КАРТИ 2/1,130.00
000956,КАРТИ ПИАТНИК ПЛАСТИКА,160.00
000957,НОКТАРИЦА,150.00
000958,КАБЕЛ УСБ ПОЛНАЧ,185.00
000959,ШТЕК ПОЛНАЧ,180.00
000960,БЕБЕ ВО КАДА,380.00
000961,ШМИНКИ ЈАГОТКА,350.00
000962,ШМИНКИ 907,260.00
000963,ДОКТОР СЕТ НЗМ 161,200.00
000964,ПИЦА СЕТ,220.00
000965,ВОЛАН МУЗИЧКИ,290.00
000966,ГАСЕНИЦИ ДОЛГИ,270.00
000967,ФРИЗЕРСКИ СЕТ,360.00
000968,НОКТИ СЕТ,250.00
000969,ДУШЕК НА ВОДА,650.00
000970,СТРЕС БАЛ ЈАГОДА,195.00
000971,ЦРВИ ДОЛГИ,20.00
000972,РОБОТ,580.00
000973,СТРЕС БАЛ ВЕРВЕРИЦИ,195.00
000974,СТРЕС БАЛ БУБАМАРА,195.00
000975,СТРЕС БАЛ ЛУБЕНИЦА,195.00
000976,СТРЕС БАЛ РИБА,120.00
000977,САПУНИЦИ,160.00
000978,ПУШКА МУЗИЧКА,350.00
000979,СТЕГАЧИ 6/1,75.00
000980,ЛАСТИЦИ ЗА КОСА,40.00
000981,ХУЛАХОПКИ,80.00
000982,БЕБЕ,380.00
000983,БАГЕР МУЗИЧКИ,580.00
000984,КУЈНА 3Х,350.00
000985,ФРОЗЕН КУФЕР,250.00
000986,КУКЛА СЛАДОЛЕД,300.00
000987,СААТ ДЕТСКИ СО СВЕТЛО,300.00
000988,КУКЛА 656,320.00
000989,ШМИНКИ ВО ПЛАСТИКА СРЦЕ,200.00
000990,ПИАНО УЈ,300.00
000991,ТОПЧЕ СУНГЕР МАЛО,60.00
000992,КЕПЧЕ МАЛО,150.00
000993,КЕПЧЕ МЦ ПОГОЛЕМО,350.00
000994,ПИШТОЛ НА ВОДА 1118,300.00
000995,ПИШТОЛ НА ВОДА ГОЛЕМ Ц25,250.00
000996,ПУШКА НА ВОДА 1142,480.00
000997,БАГЕР КАМИОН 399-1,250.00
000998,КОЛА КАРС,190.00
000999,ВЕТЕРНИЦИ ГОЛЕМИ,180.00
001000,ТРКАЛО СЛОН,350.00
001001,ФОРМУЛА ТРКАЛО,350.00
001002,МЕЧ МУЗИЧКИ,250.00
001003,КАМИОН ИМГ 128,550.00
001004,БАГЕР ИМГ,230.00
001005,ТРАКТОР КС 760,260.00
001006,АЛАТ СЕТ,400.00
001007,КАМИОН СО БАГЕРИ,270.00
001008,КОЛА ЦЛК 197,270.00
001009,СЛАЈМ МАЛ,160.00
001010,СЛАЈМ,185.00
001011,СЛАЈМ ГОЛЕМ МЕЧКА,200.00
001012,ПУШКА НА БАТЕРИИ,350.00
001013,ТОПКА ОДБОЈКА АЛ,400.00
001014,РАКОМЕТ ДИНОСАУРУС-МАЛА,250.00
001015,ТОПКА ОДБОЈКА КОЖНА,450.00
001016,ТОПКИ АЛ2150,165.00
001017,ТОПКА ФУДБАЛ КОЖНА,400.00
001018,МАСКА ЗА НУРКАЊЕ СО ЦРЕВО,600.00
001019,МАСКА ЗА НУРКАЊЕ,280.00
001020,НАОЧАРИ СО ФУТРОЛА,600.00
001021,НАОЧАРИ ЗА ПЛИВАЊЕ,0.00
001022,КАПИ ДЕТСКИ,240.00
001023,ШЕШИР МАШКИ,220.00
001024,ШЕШИР ЖЕНСКИ,220.00
001026,КОФА ЛОПАТКИ,0.00
001027,ОЦБ СЛИМ ПРЕМИУМ ФИЛТЕР,80.00
001028,ОЦБ СЛИМВИРГИН,80.00
001029,ОЦБ ПРЕМИУМ,75.00
001030,ОЦБ ЗЕЛЕНА,30.00
001031,ОЦБ СИНА,30.00
001032,ОЦБ КРАФТ,50.00
001033,ОЦБ УЛТРАС СЛИМ ФИЛТЕР,80.00
001034,ОЦБ СЛИМ,80.00
001035,СЛИМ ЛОНГ,85.00
001036,ЗАПАЛКИ ЏИП,110.00
001037,ЗАПАЛКИ ЗЕНГА,150.00
001038,ВООМ ВАЈП ВКУСОВИ,690.00
001039,"фанта 1,75",85.00
001040,фстак сушен,80.00
001041,ТРОКО ФРЕШ СОК 290МЛ,130.00
001042,ФМ ДАБЛ ВКУС НАРГИЛЕ,850.00
001043,ТРОКАДЕРО ВКУСОВИ,580.00
001044,"ПРОЛОМ ВОДА 1,5",70.00
001045,"ПРОЛОМ 0,5",30.00
001046,риплеј оригано,70.00
001047,ФИТ ВИОЛА,130.00
001048,КАРЕЛИА ЦИГАРИ,140.00
001049,КОРОНА ЕКСТРА,160.00
001050,ГУМЕНИ БОНБОНИ 80ГР,80.00
001052,ФАМИЛИА ПАЛОМА,25.00
001053,кворум шорт робусто шејд,650.00
001054,пура класик робусто,650.00
001055,ХОН ТЕ АМО ПУРА,680.00
001056,ПУРА ЧЕРЧИЛ,650.00
001057,ПУРА МАКАРЕНА БИГ РОБУСТО,650.00
001058,ПУРА ШОРТ РОБУСТО,650.00
001059,ЈОГУРТ БУЧЕН КОЗЈАК 1Л,120.00
001060,КРАВЈО КИСЕЛО МЛЕКО БУЧЕН,40.00
001061,"ЈОГУРТ 0,180",35.00
001062,"ЈОГУРТ 0,5 БУЧЕН",75.00
001063,јајца 10,130.00
001064,гума за пливање интекс,0.00
001065,базен детски,350.00
001066,гума за пливање со фигури,600.00
001067,гума за пливање,0.00
001068,мускули за деца 447,0.00
001069,гума за пливање обична,0.00
001070,"фјуз лимон 0,5",65.00
001071,пуканки кикиритки 50гр,50.00
001072,ФЕАРИ ЦРВЕН,140.00
001073,КРОАСАН 65ГР МИНИ,60.00
001074,МИНИ КРОАСАНИ 185ГР,135.00
001075,МАРС СЛАДОЛЕД,100.00
001076,"ленор 1,9",250.00
001077,ПЕЦИВО ГЕВРЕК,45.00
001078,ПЕЦИВО ФРАНЦУСКО ЛЕПЧЕ,85.00
001079,ПЕЦИВО ЗАТВОРЕНА ПИЦА,70.00
001080,ПЕЦИВО ПИНЕРЛА,70.00
001081,ПЕЦИВО КРОФНА,70.00
001082,ЛЕБ ЖИТО ЛУКС,90.00
001083,оме бело,140.00
001084,"СТОБИ РОЗЕ 0,187",160.00
001085,"СТОБИ АНТИГОНА БЕЛО 0,75",450.00
001086,"СТОБИ АНТИГОНА РОЗЕ 0,75",450.00
001087,"МАЈА ВОДА 1,5",50.00
001088,"МАЈА ВОДА 0,5",30.00
001089,ФСТАК 50ГР,75.00
001090,ЧИПСИ ГРЧКА САЛАТА 40ГР,38.00
001091,КЕСИ ОТПАД ФИНО 35Л,140.00
001093,макало,200.00
001094,тук пиперка,50.00
001095,кафе ландеса,95.00
001096,бекс лименка,85.00
001097,тео шампон 2 во 1 минт,80.00
001098,тео течен сапун 800 мл,130.00
001099,орео оригинал 176гр,135.00
001100,аргета кокошкина 95гр,85.00
001101,БАУНТИ 66МЛ,110.00
001102,"вива спарк 1,25",75.00
001103,ХЕЛЛ енергетски пијалок,85.00
001104,батерии,150.00
001105,тенис сет во мрежа,480.00
001106,лед свеќа,120.00
001107,сунѓер вода,285.00
001108,бејк ролс сланина,55.00
001109,МУСЛИ ЧАША,120.00
001110,"роса газирана 1,5",60.00
001111,јегер 1л,1500.00
001112,јајца 6,90.00
001113,ПЕЦИВО СО ВИРШЛА,70.00
001114,кејк бар 7 дејс 32гр,20.00
001115,ЗЛАТИБОРАЦ СЛАНИНА,210.00
001116,ПУФ ШАРЕНИ,10.00
001118,БЛЕК АП 200 МЛ,550.00
001119,БЛЕК АП Ф30,420.00
001120,БЛЕК АП МАСЛО СО ОРЕВ,485.00
001121,ПЕНА ЗА БРИЧЕЊЕ,110.00
001122,БУСТО КРОАСАН 40Г,20.00
001123,ТОБЛЕРОНЕ 35ГР,65.00
001124,РОШЕН ЧОКОЛАДО 40ГР,35.00
001125,чипс ребраст 200,130.00
001126,тутку 36гр,30.00
001127,сладолед сендич макси,95.00
001128,МЕИН ВИРШЛИ СВИНСКИ,70.00
001129,МЕИН ВИРШЛА КАШКАВАЛ,70.00
001130,рибарски сет,0.00
001131,детска количка плажа,750.00
001132,гума лимон голема,0.00
001133,базен за деца,720.00
001134,наочари под вода,350.00
001135,топка за на плажа,180.00
001136,гума твити,0.00
001137,гума со светки,250.00
001138,душек голем шарен bestway,1850.00
001139,кофа мала лопатки,450.00
001140,гумени бонбони,80.00
001141,чоколадно млеко 200,48.00
001142,пица италиана 80гр,60.00
001143,соленки 90гр,45.00
001144,перфекс бришач,155.00
001145,златиборац кулен/чајна 100+ 20,180.00
001146,блек ап 50,760.00
001147,мастер чери,85.00
001148,КАМНИК ПИНОТ,1400.00
001149,гумени бонбони,90.00
001150,бекутан 27,115.00
001151,стрес бал куче лама,180.00
001152,евина 5л,130.00
001153,БОН КИКИРИКИ,80.00
001154,"ФИНЛАНДИА0,05",950.00
001155,ГРЕЈ ГУС 50МЛ,380.00
001156,бифитер џин,175.00
001157,САН ПЕЛЕГРИНО,85.00
001158,ЛЕМОН СОДА / ОРАНЖ СОДА,75.00
001159,кракс,35.00
001160,брауни ети,35.00
001161,тутку 90,40.00
001162,сирење француско,145.00
001163,перфекс котон,185.00
001164,"млеко 0,3",50.00
001165,перутнина,140.00
001166,секојдневни 40 +20,235.00
001167,кафе мио / ландеса картон,130.00
001168,фино 65,80.00
001169,кеси 250,180.00
001170,фишерман,55.00
001171,ПРИНГЛС 40ГР,100.00
001172,ПРИНГЛС 165,205.00
001173,ХР БОНБОНИ 100,100.00
001174,МОАМ,25.00
001175,ОВОШНИ РОЛНИ 25,25.00
001176,КОЦКА КОЛА,5.00
001177,МЕГА ЛУБЕНИЦА,15.00
001178,ПОКЕМОН,25.00
001179,ТОРНАДО ЧОКО И ВАНИЛА 250,110.00
001180,ТОБЛЕРОНЕ ФРУИТ 100,155.00
001181,кутија вино,1250.00
001182,чупа чупс лижавче,20.00
001183,класик робусто,650.00
001184,лед,180.00
001185,француско сирење 200гр,95.00
001186,чивас,4300.00
001187,ракија дуња/слива,2150.00
001188,вино,850.00
001189,капсули или,0.00
001190,капсули кафе,0.00
001191,КЕСА 40Л,65.00
001192,ТОАЛЕТНА 10/1 МАЦА,175.00
001193,ПОМЕКС 10/1 ТОАЛЕТНА,195.00
001194,ЗЕН ТОАЛЕТНА 4/1,110.00
001195,ВЛОШКИ EASY DAYS,95.00
001196,ДЕТСКА КРЕМА 50МЛ,95.00
001197,ВЛАЖНИ МАРАМИЦИ ЛИЛА,80.00
001198,ВЛАЖНИ МАРАМИЦИ ФЛОВЕР,90.00
001199,ЧЕЧКАЛИЦИ,60.00
001200,СИЈАЛИЦА 75,35.00
001201,СИЈАЛИЦА 12 ЛЕД,100.00
001203,ЛИО САЛФЕТКИ,45.00
001204,ЗЕН САЛФЕТИ,95.00
001205,КАФЕ ПЕЛА 100,80.00
001206,КАФЕ ПЕЛА 200,125.00
001207,ПЛИНСКА БОЦА,75.00
001208,СМОКИ СО ИГРАЧКА,90.00
001209,ЖИЛЕТ 3,85.00
001210,ЛЕПАК СЕЛОТЕЈП,30.00
001211,АЛКАЛНИ БАТЕРИИ,190.00
001212,ракавици,90.00
001213,СЕКУНДАРЕН ЛЕПАК,35.00
001214,ЗАПАЛКА,45.00
001215,ЗАПАЛКА,45.00
001216,БОНБОНИ ФРИГЕЛС,30.00
001217,ЦУЦЛА ЛИЖАВЧЕ,25.00
001218,ГУМЕНИ ХОТ ДОГ/ ХАМБУРГЕР,45.00
001219,ЕУРОКРЕМ АФЕТ,45.00
001220,КОКОС БАР,15.00
001221,КОС МИЛК,20.00
001222,МИНИРОЛ ВИАЛИ,20.00
001223,ЕУРОКРЕМ ТУБА,25.00
001224,КУЛЕР БОНБОНИ,15.00
001225,ТОРТИЦА ДОМА,15.00
001226,НЕЛИНО СО ОРИЗ,15.00
001227,ТВИНИ 136,115.00
001228,ГУМЕНИ МИКС,18.00
001229,НЕЛИНО КИДС ЈАГОДА МЛЕКО,80.00
001230,НЕЛИНО МИНИ,20.00
001231,КРЕМ ШПРИЦ,35.00
001232,ЦЕЦЕ БОНБОНИ / НОВА,30.00
001233,МАЧМАЛОУ,85.00
001234,ШТРУДЛА ГОЛДЕН,90.00
001235,НАПОЛИТАНКИ СТРОНГ,98.00
001236,МИЊОН КОЦКА / БАНАНА,95.00
001237,ГУМЕНИ СТИК,35.00
001238,ПЕЛИНКОВАЦ СО ЧАША,990.00
001240,"ЛОЗОВА 0,5",590.00
001241,"УЗО ПЛОМАРИ 0,2",280.00
001242,ЏЕЈМИСОН JAMESON,1800.00
001243,Џ Б / jb,1550.00
001244,ГОРДОНС ЛИМ,160.00
001245,ЏЕК ДАНИЕЛС,1950.00
001246,ГАЛАНТЕ ПРОСЕКО,800.00
001247,микс баглс,88.00
001248,ребраст чипс солен 140,110.00
001249,ребраст 80 солен,75.00
001250,мега чипс 280гр,140.00
001251,доритос sweet chilli 100,98.00
001252,хот дог 90,65.00
001253,пуканки пилешко 50,50.00
001254,ребраст чили 40,38.00
001255,ГУД 80,60.00
001256,ГУД 180ГР,90.00
001257,АНТИПРЕСПИРАНТ,195.00
001258,НИВЕА / ДОВЕ,225.00
001259,РЕКСОНА,195.00
001260,ТОАЛЕТНА КОТОН ПЕРФЕКС 10,205.00
001261,ХЕЛЛ СИКСО ЛЕДЕН ЧАЈ ЛИМ,70.00
001262,"ЈИПИ 0,33",55.00
001263,ЈИПИ ТЕТРАПАК,35.00
001264,ПОРТОКАЛ 100%,65.00
001265,КОКТА 1.5,90.00
001266,"ДОБРА ВОДА 0,5 ВКУСОВИ",45.00
001267,"ДОБРА ВОДА 0,5",30.00
001268,јес флипс 80,50.00
001269,бејк ролс,60.00
001270,квики 100,70.00
001271,квики 200,80.00
001272,фруктал сок/чај,25.00
001273,Улкер метро / улкер албени,35.00
001274,ШАМПОН ПАЛМОЛАЈВ,145.00
001275,КОЛГЕЈТ ТРИПЛ,90.00
001276,ЧАЈОВОШЈЕ / КАМИЛИЦА,95.00
001277,ПИОНИР 100,95.00
001278,ЧОКОЛАДО 200,165.00
001279,НЕСКАФЕ 220,390.00
001280,НЕСТЛЕ НЕСКВИК,140.00
001281,ЕТИ СОЛЕНКИ,35.00
001282,ТОРТИЧКИ 450,140.00
001283,НУТЕЛА 200,155.00
001284,БРАВО КАФЕ 200,180.00
001285,ХАЈДУ КРЕМ,65.00
001286,БОНИ ТОП,30.00
001287,ДЕЛИРИУМ,25.00
001288,КРОФНИ ЕЛВАН,25.00
001289,ПОДРАВКА СУПА,45.00
001290,УЛКЕР,25.00
001291,СОЛ КГ,55.00
001292,ЧАЈНИ КОЛАЧИ,155.00
001293,ТУНА ДАУТИ 80,55.00
001294,ТУНА ДАУТИ 170,95.00
001295,МЕГЛЕ СЛАЈС,95.00
001296,ШЕЌЕР КГ,85.00
001297,БИСКВИТИ ДУО,130.00
001298,ЗДЕНКА ХЕПИ,75.00
001299,ЕУРО ВАФЕЛ 42,30.00
001300,страчатела сладолед,40.00
001301,чоко стар,40.00
001302,ЈАГОДА 25/1,55.00
001303,ЛУБЕНИЦА СЛАДОЛЕД,55.00
001304,СТИК СЕНДВИЧ МЕТРОПОЛИ,85.00
001305,МЕТРОПОЛИ ГОЛД КАИРО,95.00
001306,КУЛ МАЛИНА,25.00
001307,САНИ СЛАДОЛЕД,40.00
001308,ЧУНГА ЛУНГА СЛАДОЛЕД,45.00
001309,БИТОЛСКИ СЛАДОЛЕД,48.00
001310,СЛАДОЛЕД ПЕТКО,50.00
001311,MILK THEET СЛАДОЛЕД,35.00
001312,чипси 80,75.00
001313,чипси 140,110.00
001314,чипси солен 140,138.00
001315,РЕЕСЕС REESES 42,95.00
001316,РЕЕСЕС ЧИКОЛАДА 120ГР,245.00
001317,РЕЕСЕС 70Г,130.00
001318,РЕЕСЕС 6PACK,170.00
001319,ХЕРШЕЈС 43,120.00
001320,ЗАПАЛКА БЕ ФЛЕЈМ,45.00
001321,ПУРА МАДУРО КОРОНА,650.00
001322,ПУРА ДОН ХОСЕ,850.00
001323,ПУРА,720.00
001324,ТРОКАДЕРО КРИСТАЛ,660.00
001325,пурпле фит,150.00
001326,златиборац чајна кобасица,180.00
001327,златиборац домашна салама,160.00
001328,грчка павлака 150гр,95.00
001329,грчка павлака 500 гр,170.00
001330,гумени 100гр,65.00
001331,лижавче големо,160.00
001332,гумени свито,75.00
001333,корнет со играчки,95.00
001334,јајце играчки,380.00
001335,"лашко лим 0,5",85.00
001336,"фанта 0,33",65.00
001337,некст лимонада,65.00
001338,"лимонада 1,25",120.00
001339,"спрајт 1,25",95.00
001340,спрајт,65.00
001341,роса 33,30.00
001342,швепс 1л,95.00
001343,ЧАЈНА МЕШАВИНА,150.00
001344,ФЕТА 500,155.00
001345,АРФ СТАКЛО,160.00
001346,канди 80,75.00
001347,бонукс прашак,350.00
001348,нелино 50,55.00
001349,крпа плажа,400.00
001350,СУНЃЕР ВОДА,285.00
001351,МИЊИОН СО ДРШКА,180.00
001352,ГУМЕНО КУЧЕ / ТОПЧЕ,180.00
001353,ВОДЕНА ИГРА,220.00
001354,ТОПЧЕ СО БОЦКИ,160.00
001355,КАМИОН МЕТАЛЕН,250.00
001356,МОТОР МЕТАЛЕН,260.00
001357,ТАВЧЕ СО ФИГУРИ,420.00
001358,ПИНГ ПОНГ,380.00
001359,КОЛА МЕТАЛНА,500.00
001360,ИГРАЧКА МОНСТЕР,240.00
001361,КАСА,600.00
001362,МАСА СТОЛЧЕ,400.00
001363,ПИШТОЛ 57цм,490.00
001364,ФОРМУЛА,610.00
001365,РИБАРСКИ СЕТ,250.00
001366,КЕПЧЕ ЖАБА,0.00
001367,ФРИЗБИ,290.00
001368,ПУШКА СО ЧОВЕЧЕ,600.00
001369,ПИШТОЛ СО СТРЕЛКИ,250.00
001370,ДИНОСАУРУС,360.00
001371,БРОД ГЛИСЕР мал,260.00
001372,ПИШТОЛ 33цм,190.00
001373,ПИШТОЛ САПУНИЦИ,280.00
001374,ЏИП МОНСТЕР,220.00
001375,ЕЛЕК,360.00
001376,ГУМА ОБИЧНА,200.00
001377,МУСКУЛИ,220.00
001378,МУСКУЛИ ФИГУРА,360.00
001379,КОЛИЧКА БЕБЕ,400.00
001380,ТОПЧЕ МЕКО,160.00
001381,ТОПКА МАЛА ТВРДА,250.00
001382,ТОПКА ГУМЕНА ГОЛЕМА,250.00
001383,МУЗИЧКО СТАПЧЕ ФРОЗЕН,350.00
001384,АЛКА / БЕЛЕГЗИЈА,130.00
001385,ДОКТОР СЕТ,380.00
001386,ТАШНА СЕТ КУКЛА,280.00
001387,ХРАНА ТАЦНА,290.00
001388,НАОЧАРИ,0.00
001389,МЕЧ ЛАСЕР,290.00
001390,М & M,75.00
001391,БЛЕК АП 10,610.00
001392,"ЏЕК 0,05",220.00
001393,"УЗО ФИЛИПОС 0,1",140.00
001394,"МАСТИКА 0,1",170.00
001395,мега дракула,20.00
001396,ментос,45.00
001397,"смирно 0,05",150.00
001398,џип мерцедес,380.00
001399,магнус 200гр,88.00
001400,протеински крекери,130.00
001401,УЗО 1л,950.00
001402,џин бикенс,1200.00
001403,багер камион кет,280.00
001404,орбит рефреш,65.00
001405,орбит туба,155.00
001406,јап влошки дуо,225.00
001407,јап влошки,115.00
001408,ЦЕДЕВИТА БОНБОНИ,45.00
001409,НУТЕЛА КАРДС,45.00
001410,ХЕПИ ХИПО,138.00
001411,КИНДЕР 50,75.00
001412,ИНСТАНТ КЛАСИК,225.00
001413,ГРАНД 200,210.00
001414,НУТЕЛА БИСКВИТ,270.00
001415,чоко бисквит сл 14,10.00
001416,бекутан деца ф30,610.00
001417,блек ап афтер сан,495.00
001418,Гума дубак/ кров / 70цм,450.00
001419,сквиши,150.00
001420,канди 80гр,140.00
001421,тост леб,98.00
001422,КЕНДИ ГЕЛ,110.00
001423,најлепше жеље кукис,130.00
001424,чупа чупс крејзи,45.00
001425,банџи,15.00
001426,кашкавал слајс,130.00
001427,лопатки плажа,200.00
001428,ЧОКО СМОКИ,55.00
001429,рафаело 150,270.00
001430,чекан,260.00
001431,црево детско,90.00
001432,пушка на вода,350.00
001433,привезок,190.00
001434,пиу буоно ролс,75.00
001435,камион диносаурус,199.00
001436,ТРОКАДЕРО,0.00
001437,орбит,205.00
001438,браво лим леден чај,60.00
001439,ЛАКИ ЦИГАРИ БЛУ,130.00
001440,банџи,25.00
001441,престиж,25.00
001442,ресана,55.00
001443,мини ресана,35.00
001444,леб 1,58.00
001445,лижавче карпуз / мики маус,55.00
001446,БОБО,100.00
001447,џин лордсон 880,880.00
001448,финландиа водка,150.00
001449,гордонс,180.00
001450,Џ и Б,210.00
001451,џони вокер,199.00
001452,"Повераде вода 0,5",90.00
001453,Виски фамоус,1120.00
001454,"Фамоус алкохол 0,7",1350.00
001455,"Финландиа 0,7",1250.00
001456,"Бакарди 0,7",1100.00
001457,Мартини бианко 1л,1200.00
001458,Џин Бомбај 700мл,1500.00
001459,Лио салфети големи,80.00
001460,бришач алтина,160.00
001461,медењак јамболина 270,120.00
001462,бобо хамбургер,90.00
001463,Спреј за уста детски,35.00
001464,наполитанка 4 кат,15.00
001465,Смоки јамбо со играчка,100.00
001466,смоки со играчка мали,45.00
001467,бобо монстер јајце,90.00
001468,Чоколадо сембол,20.00
001469,бисквито чок.,15.00
001470,дочиле ролс,25.00
001471,дочиле молив,25.00
001472,паричка,10.00
001473,СУСАМКИ,45.00
001474,Чешел,150.00
001475,сапун фериса,25.00
001476,пластични лажици,85.00
001477,ацетон,95.00
001478,Белла крем детски,135.00
001479,пепси 1.75,95.00
001480,нескафе 50 кеса,150.00
001481,фереро,140.00
001482,киндер обично,75.00
001483,нескафе 3 / 1,25.00
001484,нескафе 2/1,25.00
001485,полимарк сенф / кечап,35.00
001486,ТАКОВО СУПА,45.00
001487,ПИОНИР БОНБОНИ,80.00
001488,маги нудли чаша,135.00
001489,хипп каша детска,130.00
001490,лино каша 190,110.00
001491,еври деј 40 20,225.00
001492,еври деј 18пцс,205.00
001493,шампон бреза/коприва,180.00
001494,бусто ххл,40.00
001495,"цедевита витаминска вода 0,5",75.00
001496,киндер коунтри,40.00
001497,КИНДЕР ЧОКО БОНС,165.00
001498,КИНДЕР КАРДС 128,185.00
001499,ХАНУТ,60.00
001500,НУТЕЛА БИСКВИТС,60.00
001501,ГРАНД КАФЕ 100,125.00
001502,ПРИМА КИКИРИТКИ ХХЛ,90.00
001503,НАЈЛЕПШЕ ЖЕЉЕ СТИКС,88.00
001504,ПРИМА ТИКВА,80.00
001505,НАЈЛЕПШЕ ЖЕЉЕ КУКИС,35.00
001506,"КОКТА 0,5",50.00
001507,кроасан 7 дејс 80гр,50.00
001508,Коктел микс,150.00
001509,"лозова ракија 0,100",160.00
001510,Џин Финсбери пинк,900.00
001511,Џин Маре,3050.00
001512,Шампањ Ботега Голд,3500.00
001513,БОТЕГА 200,610.00
001514,"Бовин мускат 0,7",950.00
001515,Бовин шардоне,1200.00
001516,Бовин Александрија,950.00
001517,Бовин кабарет,1020.00
001518,пардон 100гр,65.00
001519,палома помекс,180.00
001520,Добра вода 1.5 вкусови,80.00
001521,"јипи леден чај 0,33",55.00
001522,палома класик10,140.00
001523,палома хартија зелен чај,75.00
001524,Доритос 90гр,95.00
001526,СЛ 125 гр чоко бисквит,88.00
001527,сендвич сл кекси,55.00
001528,Таково 1.5 сок,85.00
001529,Протеинско колаче виталиа,55.00
901957,Протеинско топче,95.00
001531,мусли 375,195.00
001532,Гумени бонбони фини,90.00
001533,чипс класик 60,50.00
001534,кечап 90гр,80.00
001535,елефант грицки,80.00
001536,лион 42гр,60.00
001537,барни,140.00
001538,кит кат 3х40,150.00
001539,милка стик,140.00
001540,Фруктал праска,65.00
001541,Макси смоки донер / кашкавал,25.00
001542,Верона коцки,70.00
001543,Карамела лешник 700,205.00
001544,Балко туна 170,80.00
001545,Хело течен сапун 750,95.00
001546,Прим сјај 800,120.00
001547,примакс стакло,105.00
001548,Леден чај лим фрутавит,48.00
001549,Мулти цереал 155,58.00
001550,линеа браун,130.00
001551,Тереа,160.00
001552,чипси ребраст 60гр,60.00
001553,Никотинска кеса,450.00
001554,Секач за пури,400.00
001555,Пура перла дел мар шејд,1050.00
001556,Пура росалонес,950.00
001557,Пура луис мартинез,600.00
001558,Пура брик хаус робусто,850.00
001559,Пура робусто ник те амо,800.00
001560,Ментос шише,150.00
001561,реесес биг кап,95.00
001562,Заби лижавче,120.00
001563,лафи тафи,70.00
001564,Чупа Чупс волна,85.00
001565,др пепер пијалок / канада драј,80.00
001566,Калипсо лимонада,210.00
001567,"Вива 0,5",50.00
001568,Вива Смути,85.00
001569,Вива со цевка,30.00
001570,Ајакс средство,205.00
001571,Мајонез полимарк 45г,35.00
001572,"кит кат 41,5",50.00
001573,Путер сладолед,95.00
001574,сендвич трио,85.00
001575,метрополи панама,110.00
001576,метрополи монако,110.00
001577,метрополи париз,110.00
001578,метрополи лос ангелес,110.00
001579,метрополи каиро,110.00
001580,Чипс 200гр,85.00
001581,Цин,25.00
001582,Дарк Чоколадо Даре,35.00
001583,Кашкавал слајс,165.00
001584,"Пепси 1,25",70.00
001585,Интеса лак,170.00
001586,Гел егоист,155.00
001587,Томи кесичка мајонез,25.00
001588,Леб сигнас,70.00
001589,фригелс кафе,20.00
001590,јогурт Битолски,90.00
001591,даре карамела,25.00
001592,Чоколадни ликери,680.00
001593,салама перутнина,160.00
001594,Протеин сладолед,120.00
001595,Душек на вода матрас,700.00
001596,пиштол пиле,210.00
001597,камион клин,200.00
001598,брод за на плажа,350.00
001599,глисер со далечинско,1200.00
001600,монстер со коса,350.00
001601,сквиши рака,120.00
001602,кола голема бп183,340.00
001603,ЛЕГО ФОРМУЛА,220.00
001604,ИЗНЕНАДУВАЊЕ ТАШНА,220.00
001605,ИЗНЕНАДУВАЊЕ ОМГ,160.00
001606,ПИШТОЛ САПУН,720.00
001607,СУНЃЕР СТАП,250.00
001608,ТЕТРИС,310.00
001609,ФЛИПЕР ИГРА ФЛАМИНГО,490.00
001610,КОЛИ МЕТАЛНИ МАЛИ,195.00
001611,БАРБИКА,180.00
001612,КАМИОН БАГЕР,480.00
001613,Органски чај,130.00
001614,Блек ап фамили,1200.00
001615,Бекутан млеко по сончање,490.00
001616,Путер за потемнување,850.00
001617,спреј против инсекти,520.00
001618,Бибер мелен,30.00
001619,коприва шампон,155.00
001620,"ШВЕПС ТОНИК 0,33",65.00
001621,киндер буено нови,140.00
001622,"чоколадно млеко 0,2",38.00
001623,"млеко збрегов 0,5",85.00
001624,ајс кафе,100.00
001625,кафе со цевка,60.00
001626,чоко локо 4,150.00
001627,протеински пудинг,85.00
001628,хепи кау топен намаз,120.00
001629,Грана падано,235.00
001630,сирен намаз 200гр,140.00
001631,Крем страчатела,65.00
001632,фелче шампон,185.00
001633,ајдамер 320г,255.00
001634,протеински шејк,180.00
001635,јогурт збрегов,70.00
001636,ладни сендвичи велмар,150.00
001637,ладни сендвичи велмар твинс,160.00
001638,ладни сендвичи велмар говедски,180.00
001639,туна балко,85.00
001640,милка барни,150.00
001641,милка лео,65.00
001642,сјај лила,80.00
001643,лопатки метални,250.00
001644,спреј соур,130.00
001645,џокер млечна,30.00
001646,Ландеса шише,95.00
001647,Алое Вера,100.00
001648,фанта 250,50.00
001649,прима соленки 40,20.00
001650,инста кафе гранд,20.00
001651,Нивеа крем 75,145.00
001652,Нивеа бронз,850.00
001653,НИвеа кидс 50,1350.00
001654,нивеа гел,220.00
001655,битолско млеко,85.00
001656,чипс ruffles,70.00
001657,Кокта лим,50.00
001658,милка чоко колаче,130.00
001659,Мастика 1л,1050.00
001660,евро кекс,20.00
584611,сјај спин,80.00
001662,солна киселина,0.00
001664,варакина,100.00
001665,варикина - солна,130.00
001666,улкер,35.00
001667,чипс 25гр,35.00
001668,овошен јогурт,50.00
001669,бадеми / индиски ореви,150.00
001670,Дочиле гумени бонбони,15.00
001671,Пушка на вода,700.00
001672,блек ап афтер сан,1050.00
001673,јајце пав,120.00
001674,нескафе кеса 150,285.00
001675,"газоза 0,5",35.00
001676,милка орео,145.00
001677,кикиритки со лушпа,95.00
001678,ГАЗОЗА 1.25,50.00
001679,АЛПСКО МЛЕКО 1Л,90.00
001680,МАГИ НУДЛИ 75ГР,125.00
001681,СОДА БИКАРБОНА,35.00
001682,МЕРСИ 250ГР,420.00
001683,БЕВИТА МЕЛЕНА,85.00
001684,ТОРТИЦА ДОЛЧЕЗА,95.00
001685,АКТИВИА ОБРОК,95.00
001686,МАЕСТРО КАЈМАК,125.00
001687,ПИОНИР МЕДЕНО СРЦЕ 150,98.00
001688,САНРАЈС ФРУТИ СРЦЕ 150,50.00
001689,КЕКСИНИ БИСКВИТИ,85.00
001690,КАНДИТ ОРИЗ ЧОКОЛАДО 200,120.00
001691,ЛИНДТ МЛЕЧНО ЧОКОЛАДО,320.00
001692,1КГ БРАШНО,75.00
001693,КИТ КАТ ЧАНКИ40ГР,65.00
001694,ТВИКС 50Г,55.00
001695,ОРИЗ СУЛТАН,145.00
001696,МИЛКА 300ГР ЈАГОДА,320.00
001697,МИЛКА 100ГР,130.00
001698,МИЛКА МЛЕЧНА 80,125.00
001699,МИЛКА ОРЕО 92Г,120.00
001700,МИЛКА ЈАГОДА 100Г,130.00
001701,М & М БОНБОНИ,120.00
001702,СНИКЕРС 50Г,60.00
001703,БОРДС ЕВЕ МАРГАРИН,98.00
001704,ЕВА ТУНА МЕКСИКАНА,160.00
001705,БЕКУТАН ВЛАЖНИ 72-1,95.00
001706,ДУЕЛ ПРАШАК,350.00
001707,ДВОПЕК,140.00
001708,БИТОЛСКА ПАВЛАКА 180Г,60.00
001709,ДОРИНА ЧОКОЛАДО,85.00
001710,ТУНА ХЕПИ ТУНА95Г,85.00
001711,ТУНА 185Г,110.00
001712,"БИТОЛСКИ ЈОГУРТ 1,45Л",145.00
001713,ТОМИ МАЈОНЕЗ 611ГР,250.00
001714,КНОПЕРС БАР,50.00
001715,НОБЛИЦЕ 222Г,98.00
001716,АЛБЕНИ КЕСА,120.00
001717,МИЛКА ЧОКО БИСКВИТ,150.00
001718,КАФЕ БРАВО 100,130.00
001719,"ГИОТО 38,7Г",85.00
001720,КИНДЕР ТРОНКУ,150.00
001721,ИНСТА ГРАНД 16Г,18.00
001722,ДОНКАФЕ МИНАС 200Г,198.00
001723,крем банана 400г,185.00
001724,СМОКИ ПРОТЕИНСКИ,35.00
001725,"ЏИН МАРЕ 0,7",2990.00
001726,АБСОЛУТ 1Л ВКУСОВИ,1580.00
001727,ЏЕЈМИСОН 1Л,1800.00
001728,ЏИН ЦИТАДЕЛ,1800.00
001729,ЏИН РОКУ,2650.00
001730,ЏИН КРАФТЕРС,1800.00
001731,ДЕЛИА,140.00
001732,"ПОВЕРАДЕ ВОДА0,5",80.00
001733,МОНСТЕР,180.00
001734,СТАПЧЕ МАСТЕР МАКАДБР.,100.00
001735,ФРОЗЕН ЈОГУРТ СЛАДОЛЕД,65.00
001736,МАСТЕР БАДЕМ ЧОКОЛАДО,95.00
001737,ЗАПАЛКИ ПРОФ ЏЕТ,150.00
001738,ЗАПАЛКА ЗЕНГА,190.00
001739,ЕЛЕКТРОНСКО НАРГИЛЕ,600.00
001741,БРЕИН ЛИКЕР СПРЕЈ,55.00
001742,БРЕИН ДРОПС,35.00
001743,БРЕИН ЛИКЕР,75.00
001744,ГУМЕНИ ПРАСКА,78.00
001745,ЧУПА ЧУПС ЧАСОВНИЦИ,50.00
001746,РЕЕСЕС НУТРИ,98.00
001747,КОМПАС БОНБОНИ,75.00
001748,МИЛКА КРОАСАН,55.00
001749,60ГР ДАБЛ КРОАСАНИ МИНИ,50.00
001750,КРОАСАНИ МИНИ 185Г,135.00
001751,КРАНЧИ 375Г,198.00
001752,ГРАНОЛА 300Г,195.00
001753,ОВЕСНА КАША,75.00
001755,БАР ПРОТЕИН МАЛИНА,35.00
001756,БАР БРУСНИЦА,48.00
001757,УРМА ОРЕВ ЈАГОДА БАР,45.00
001758,КРЕКЕРИ ОВЕСНИ,65.00
001759,СУШЕНО ОВОШЈЕ,110.00
001760,ОВЕСНИ СНЕГУЛКИ 500Г,80.00
001761,КОРНФЛЕКС 250Г,125.00
001762,ОВЕСНИ КОЛАЧИ,85.00
001763,ЈАБОЛКОВ ОЦЕТ,160.00
001764,БАР ПРОТЕИН 30Г,48.00
001765,БАР ПРОТЕИН КАРАМЕЛ 45Г,85.00
001766,МАЧА ТОПЧЕ,95.00
001767,КЕТО БАР,125.00
001768,ПЧЕНИЧЕН ГРИЗ 200Г,50.00
001769,ПАЛЕНТА,45.00
001770,МАРЦЕЛА ШПАГЕТИ,70.00
001771,МАРЦЕЛА ФУСИЛИ,45.00
001772,МАРЦЕЛА РИГАТОНИ,75.00
001773,ИНТЕГРАЛНА ПАСТА,100.00
001774,ЈУФКИ СО ЈАЈЦА,75.00
001775,ТРАЈЛ МИКС ПРОТЕИН,98.00
001776,ДЕТСКО ЧОКОЛАДО,170.00
001777,ДЕТСКО ЧОКОЛАДО 25Г,30.00
001778,ФРЕШЕР 0.2 СТАКЛО,50.00
001779,ПОРТОКАЛ 1Л,110.00
001781,ЧИПСИ КЕЧАП РЕБРАСТ 60Г,60.00
001782,ЧИПСИ КЕЧАП РЕБРАСТ 95Г,85.00
001783,ДОРИТОС НАЧО 160Г,135.00
001784,ДОРИТОС НАЧО 60Г,50.00
001785,КЛИПСИ ПУКАНКИ СОЕНИ 115Г,90.00
001786,КЛИПСИ ПУКАНКИ 70Г,45.00
001787,КЛИПСИ 80Г,50.00
001788,КЛИПСИ ФЛИПС 30Г,40.00
001789,КЛИПСИ МИКС 150Г,85.00
001790,КЛИПСИ МИКС 85 Г,55.00
001791,КЛИПСИ ПИЛЕШКИ БАТАК 30Г,28.00
001792,ПАЛОМА НАТУРАЛ 10/1,155.00
001793,ПАЛОМА БРИСАЧИ,198.00
001794,ПАЛОМА,25.00
001796,"ДВ ГАЗИРАНА 1,5",50.00
001797,ФАКС ПРАШАК,390.00
001798,АРФ 750,140.00
001799,ЛАХОР САПУН,35.00
001800,КАНДИ 220Г,220.00
001801,ОРНЕЛ 800МЛ,198.00
001802,ФИНЕ ДУО 45 Г,28.00
001803,ДУО 40 Г,35.00
001804,ЕУРО ВАФЕЛ 180,78.00
001805,ХЕЛЛО ПЕРЕЦИ,55.00
001806,ЕУРО КРЕМ 350 Г,205.00
001807,ЕУРО КРЕМ 700Г,345.00
001808,ПИНГ ПОНГ,500.00
001809,КАМИОН МИКСЕР,350.00
001810,ПУМПАРИЦА 40ЦМ,150.00
001811,МОТОР КЕСА,250.00
001812,ЏИП КЕСА,250.00
001813,ТРОПКИ,198.00
001814,ПУШКА НА ВОДА,600.00
001815,ПРИВЕЗОК ДЕТСКИ,150.00
001816,КОЛИ МЕТАЛ 4/1,350.00
001817,ШМИНКИ,250.00
001818,ТЕЛЕФОН МУЗИКА,220.00
001819,КУКЛА ТОЧАК,550.00
001820,БЕБЕ СЕТ КАДА,800.00
001821,САПУНИЦА АСТРОНАУТ,550.00
001822,СОЛАРНО МЕЧЕ,200.00
001823,КУКЛА ФАМИЛИЈА КЕСА,480.00
001824,ДИНО КОШ,230.00
001825,ФОРМУЛА,850.00
001826,ОФ РОУД ЏИП,850.00
001827,МИКСЕР,220.00
001828,МЕТАЛЕН МОТОР,380.00
001829,СПОРТ КОЛА,180.00
001830,КОЛА ДРИФТ,180.00
001831,КОЛА МЕТАЛ,380.00
001832,МОТОР,160.00
001833,САЛФЕТКИ ВО БОЈА,65.00
001834,НИВЕА,140.00
001835,ФОЛИЈА-ХАРТИЈА,85.00
001836,ЧЕПКАЛКИ,70.00
001837,ЗАПАЛКА БИК МАЛА,35.00
001838,ЗАПАЛКИ,25.00
001839,СИЈАЛИЦА,25.00
001840,АДАПТЕР,190.00
001841,КАБЕЛ ПОЛНАЧ,130.00
001842,КАРТИ ЦРНИ,250.00
001843,ТЕНИС,300.00
001844,ШМИНКИ КУФЕР,950.00
001845,ЈОЈО ГУМЕНО,150.00
001846,БОМБА ЛАСЕР,250.00
001847,ПИШТОЛ НА ВОДА,180.00
001848,ЛАДАЛО,250.00
001849,МЕТРОПОЛИ ДУБАИ-ИСТАНБУЛ,150.00
001850,џб,150.00
001851,ролер виножито,35.00
001852,бабл гум,10.00
